{"cameraMode":{"drawMode":0,"name":"Shaded","section":"Shading Mode"},"sceneLighting":false,"audioPlay":false,"sceneViewState":{"showFog":true,"showMaterialUpdate":false,"showSkybox":false,"showFlares":true,"showImageEffects":true,"showParticleSystems":true},"in2DMode":false,"pivot":{"x":-0.1595555543899536,"y":0.11052811145782471,"z":-0.18505489826202393},"rotation":{"x":-0.016741584986448289,"y":0.983261227607727,"z":-0.12785878777503968,"w":-0.12874835729599},"size":0.547054648399353,"orthographic":false}