{"cameraMode":{"drawMode":0,"name":"Shaded","section":"Shading Mode"},"sceneLighting":false,"audioPlay":false,"sceneViewState":{"showFog":true,"showMaterialUpdate":false,"showSkybox":false,"showFlares":true,"showImageEffects":true,"showParticleSystems":true},"in2DMode":false,"pivot":{"x":-4.237795829772949,"y":-2.1286025047302248,"z":2.5900604724884035},"rotation":{"x":-0.2174401432275772,"y":0.5909485816955566,"z":-0.169488325715065,"w":-0.7581414580345154},"size":4.444419860839844,"orthographic":false}