{"cameraMode":{"drawMode":0,"name":"Shaded","section":"Shading Mode"},"sceneLighting":false,"audioPlay":false,"sceneViewState":{"showFog":true,"showMaterialUpdate":false,"showSkybox":false,"showFlares":true,"showImageEffects":true,"showParticleSystems":true},"in2DMode":false,"pivot":{"x":0.18883156776428224,"y":1.4481284618377686,"z":0.20950794219970704},"rotation":{"x":0.07193774729967118,"y":0.0012103451881557704,"z":-0.00008774425077717751,"w":0.9974113702774048},"size":1.5000174045562745,"orthographic":false}