{"cameraMode":{"drawMode":0,"name":"Shaded","section":"Shading Mode"},"sceneLighting":false,"audioPlay":false,"sceneViewState":{"showFog":true,"showMaterialUpdate":false,"showSkybox":false,"showFlares":true,"showImageEffects":true,"showParticleSystems":true},"in2DMode":false,"pivot":{"x":-0.40541231632232668,"y":-0.14026787877082826,"z":-1.0034035444259644},"rotation":{"x":-0.008530895225703717,"y":0.983995258808136,"z":-0.04905311390757561,"w":-0.17113780975341798},"size":1.243924856185913,"orthographic":false}